{
  "jsonSchemaSemanticVersion" : "0.9.0",
  "imports" : [
    {
      "corpusPath" : "cdm:/foundations.cdm.json"
    }
  ],
  "manifestName" : "financial",
  "entities" : [
    {
      "type" : "LocalEntity",
      "entityName" : "FinancialBasic",
      "entityPath" : "resolved/FinancialBasic.cdm.json/FinancialBasic",
      "dataPartitions" : [
        {
          "name" : "FinancialBasic-data-description",
          "location" : "local:/FinancialBasic/partition-data.csv",
          "exhibitsTraits" : [
            {
              "traitReference" : "is.partition.format.CSV",
              "arguments" : [
                {
                  "name" : "columnHeaders",
                  "value" : "true"
                },
                {
                  "name" : "delimiter",
                  "value" : ","
                }
              ]
            }
          ],
          "arguments" : [ ]
        },
        {
          "name" : "FinancialBasic-data-description",
          "location" : "local:/FinancialBasic/partition-data.csv",
          "exhibitsTraits" : [
            {
              "traitReference" : "is.partition.format.CSV",
              "arguments" : [
                {
                  "name" : "columnHeaders",
                  "value" : "true"
                },
                {
                  "name" : "delimiter",
                  "value" : ","
                }
              ]
            }
          ],
          "arguments" : [ ]
        }
      ]
    },
    {
      "type" : "LocalEntity",
      "entityName" : "Performance",
      "entityPath" : "resolved/Performance.cdm.json/Performance",
      "dataPartitions" : [
        {
          "name" : "Performance-data-description",
          "location" : "local:/Performance/partition-data.csv",
          "exhibitsTraits" : [
            {
              "traitReference" : "is.partition.format.CSV",
              "arguments" : [
                {
                  "name" : "columnHeaders",
                  "value" : "true"
                },
                {
                  "name" : "delimiter",
                  "value" : ","
                }
              ]
            }
          ],
          "arguments" : [ ]
        }
      ]
    },
    {
      "type" : "LocalEntity",
      "entityName" : "HitRate",
      "entityPath" : "resolved/HitRate.cdm.json/HitRate"
    }
  ]
}