{
  "jsonSchemaSemanticVersion" : "0.9.0",
  "imports" : [
    {
      "corpusPath" : "cdm:/foundations.cdm.json"
    },
    {
      "corpusPath" : "cdm:/core/wistron/FinancialBasic.cdm.json"
    }
  ],
  "definitions" : [
    {
      "entityName" : "HitRate",
      "extendsEntity" : "FinancialBasic",
      "displayName" : "HitRate",
      "description" : "This is a HitRate entity.",
      "version" : "0.0.1",
      "hasAttributes" : [
        {
          "name" : "revenueHitRate",
          "purpose" : "hasA",
          "dataType" : "float"
        },
        {
          "name" : "operationIncomeHitRate",
          "purpose" : "hasA",
          "dataType" : "float"
        },
        {
          "name" : "mvaHitRate",
          "purpose" : "hasA",
          "dataType" : "float"
        },
        {
          "name" : "mohHitRate",
          "purpose" : "hasA",
          "dataType" : "float"
        },
        {
          "name" : "invoiceQtyHitRate",
          "purpose" : "hasA",
          "dataType" : "float"
        },
        {
          "name" : "productionQtyHitRate",
          "purpose" : "hasA",
          "dataType" : "float"
        }
      ]
    }
  ]
}