{
  "name" : "financial",
  "version" : "1.0",
  "entities" : [
    {
      "$type" : "LocalEntity",
      "name" : "FinancialBasic",
      "attributes" : [
        {
          "name" : "bg",
          "cdm:traits" : [
            "is.dataFormat.character",
            "is.dataFormat.big",
            "is.dataFormat.array"
          ],
          "dataType" : "string"
        },
        {
          "name" : "site",
          "cdm:traits" : [
            "is.dataFormat.character",
            "is.dataFormat.big",
            "is.dataFormat.array"
          ],
          "dataType" : "string"
        },
        {
          "name" : "product",
          "cdm:traits" : [
            "is.dataFormat.character",
            "is.dataFormat.big",
            "is.dataFormat.array"
          ],
          "dataType" : "string"
        },
        {
          "name" : "type",
          "cdm:traits" : [
            "is.dataFormat.character",
            "is.dataFormat.big",
            "is.dataFormat.array"
          ],
          "dataType" : "string"
        },
        {
          "name" : "reportingMonth",
          "cdm:traits" : [
            "is.dataFormat.date",
            "means.measurement.date"
          ],
          "dataType" : "dateTime"
        }
      ],
      "partitions" : [
        {
          "name" : "FinancialBasic-data-description",
          "location" : "/Users/louis/Documents/workspace/cmmi_project/cdm/example-public-standards/core/wistron/FinancialBasic/partition-data.csv",
          "fileFormatSettings" : {
            "$type" : "CsvFormatSettings",
            "columnHeaders" : true,
            "delimiter" : ","
          }
        },
        {
          "name" : "FinancialBasic-data-description",
          "location" : "/Users/louis/Documents/workspace/cmmi_project/cdm/example-public-standards/core/wistron/FinancialBasic/partition-data.csv",
          "fileFormatSettings" : {
            "$type" : "CsvFormatSettings",
            "columnHeaders" : true,
            "delimiter" : ","
          }
        }
      ],
      "cdm:imports" : [
        {
          "corpusPath" : "FinancialBasic.cdm.json",
          "moniker" : "resolvedFrom"
        }
      ]
    },
    {
      "$type" : "LocalEntity",
      "name" : "Performance",
      "attributes" : [
        {
          "name" : "bg",
          "cdm:traits" : [
            "is.dataFormat.character",
            "is.dataFormat.big",
            "is.dataFormat.array"
          ],
          "dataType" : "string"
        },
        {
          "name" : "site",
          "cdm:traits" : [
            "is.dataFormat.character",
            "is.dataFormat.big",
            "is.dataFormat.array"
          ],
          "dataType" : "string"
        },
        {
          "name" : "product",
          "cdm:traits" : [
            "is.dataFormat.character",
            "is.dataFormat.big",
            "is.dataFormat.array"
          ],
          "dataType" : "string"
        },
        {
          "name" : "type",
          "cdm:traits" : [
            "is.dataFormat.character",
            "is.dataFormat.big",
            "is.dataFormat.array"
          ],
          "dataType" : "string"
        },
        {
          "name" : "reportingMonth",
          "cdm:traits" : [
            "is.dataFormat.date",
            "means.measurement.date"
          ],
          "dataType" : "dateTime"
        },
        {
          "name" : "yieldRate",
          "cdm:traits" : [
            "is.dataFormat.floatingPoint"
          ],
          "dataType" : "double"
        },
        {
          "name" : "scrapRate",
          "cdm:traits" : [
            "is.dataFormat.floatingPoint"
          ],
          "dataType" : "double"
        }
      ],
      "partitions" : [
        {
          "name" : "Performance-data-description",
          "location" : "/Users/louis/Documents/workspace/cmmi_project/cdm/example-public-standards/core/wistron/Performance/partition-data.csv",
          "fileFormatSettings" : {
            "$type" : "CsvFormatSettings",
            "columnHeaders" : true,
            "delimiter" : ","
          }
        }
      ],
      "cdm:imports" : [
        {
          "corpusPath" : "Performance.cdm.json",
          "moniker" : "resolvedFrom"
        }
      ]
    },
    {
      "$type" : "LocalEntity",
      "name" : "HitRate",
      "attributes" : [
        {
          "name" : "bg",
          "cdm:traits" : [
            "is.dataFormat.character",
            "is.dataFormat.big",
            "is.dataFormat.array"
          ],
          "dataType" : "string"
        },
        {
          "name" : "site",
          "cdm:traits" : [
            "is.dataFormat.character",
            "is.dataFormat.big",
            "is.dataFormat.array"
          ],
          "dataType" : "string"
        },
        {
          "name" : "product",
          "cdm:traits" : [
            "is.dataFormat.character",
            "is.dataFormat.big",
            "is.dataFormat.array"
          ],
          "dataType" : "string"
        },
        {
          "name" : "type",
          "cdm:traits" : [
            "is.dataFormat.character",
            "is.dataFormat.big",
            "is.dataFormat.array"
          ],
          "dataType" : "string"
        },
        {
          "name" : "reportingMonth",
          "cdm:traits" : [
            "is.dataFormat.date",
            "means.measurement.date"
          ],
          "dataType" : "dateTime"
        },
        {
          "name" : "revenueHitRate",
          "cdm:traits" : [
            "is.dataFormat.floatingPoint"
          ],
          "dataType" : "double"
        },
        {
          "name" : "operationIncomeHitRate",
          "cdm:traits" : [
            "is.dataFormat.floatingPoint"
          ],
          "dataType" : "double"
        },
        {
          "name" : "mvaHitRate",
          "cdm:traits" : [
            "is.dataFormat.floatingPoint"
          ],
          "dataType" : "double"
        },
        {
          "name" : "mohHitRate",
          "cdm:traits" : [
            "is.dataFormat.floatingPoint"
          ],
          "dataType" : "double"
        },
        {
          "name" : "invoiceQtyHitRate",
          "cdm:traits" : [
            "is.dataFormat.floatingPoint"
          ],
          "dataType" : "double"
        },
        {
          "name" : "productionQtyHitRate",
          "cdm:traits" : [
            "is.dataFormat.floatingPoint"
          ],
          "dataType" : "double"
        }
      ],
      "cdm:imports" : [
        {
          "corpusPath" : "HitRate.cdm.json",
          "moniker" : "resolvedFrom"
        }
      ]
    }
  ],
  "cdm:imports" : [
    {
      "corpusPath" : "cdm:/foundations.cdm.json"
    }
  ]
}